{"epoch":1,"_timestamp":1.7445117466173627e+09,"_runtime":88.689241435,"_step":0,"val_accuracy_top1":12.12,"train_accuracy_top1":6.71,"_wandb":{"runtime":468},"train_loss":4.245302313052046,"learning_rate":0.001,"train_accuracy_top5":22.7475,"val_loss":3.7966874957084658,"val_accuracy_top5":34.38}